Timestamp,User Count,Type,Name,Requests/s,Failures/s,50%,66%,75%,80%,90%,95%,98%,99%,99.9%,99.99%,100%,Total Request Count,Total Failure Count,Total Median Response Time,Total Average Response Time,Total Min Response Time,Total Max Response Time,Total Average Content Size
1778560966,0,,Aggregated,0.000000,0.000000,N/A,N/A,N/A,N/A,N/A,N/A,N/A,N/A,N/A,N/A,N/A,0,0,0,0.0,0,0,0
1778560967,2,,Aggregated,0.000000,0.000000,N/A,N/A,N/A,N/A,N/A,N/A,N/A,N/A,N/A,N/A,N/A,0,0,0,0.0,0,0,0
1778560968,4,,Aggregated,0.000000,0.000000,1800,1800,1800,1800,1800,1800,1800,1800,1800,1800,1800,2,0,1600,1721.2839584990434,1597.7322920007282,1844.8356249973585,122318.0
1778560969,5,,Aggregated,0.000000,0.000000,1600,1600,1800,1800,1800,1800,1800,1800,1800,1800,1800,4,0,1600,1546.8722292507664,1179.6041670022532,1844.8356249973585,122318.0
1778560970,5,,Aggregated,0.500000,0.000000,1600,1700,1800,1800,2200,2200,2200,2200,2200,2200,2200,8,0,1600,1558.1237396245342,1053.2903329985857,2187.2830419997626,198384.25
1778560971,5,,Aggregated,1.333333,0.000000,1500,1600,1700,1800,1900,2200,2200,2200,2200,2200,2200,13,0,1500,1495.047897461448,1006.1628750008822,2187.2830419997626,229359.84615384616
1778560972,5,,Aggregated,1.333333,0.000000,1500,1600,1700,1800,1900,2200,2200,2200,2200,2200,2200,14,0,1400,1468.7242619285305,1006.1628750008822,2187.2830419997626,230698.0
1778560973,5,,Aggregated,1.750000,0.000000,1400,1500,1600,1700,1900,2200,2200,2200,2200,2200,2200,19,0,1400,1455.6838881052452,1006.1628750008822,2187.2830419997626,238111.26315789475
1778560974,5,,Aggregated,2.333333,0.000000,1400,1500,1600,1700,1900,2200,2200,2200,2200,2200,2200,20,0,1400,1453.3266708000156,1006.1628750008822,2187.2830419997626,239283.8
1778560975,5,,Aggregated,2.333333,0.000000,1400,1500,1600,1700,1900,2200,2200,2200,2200,2200,2200,20,0,1400,1453.3266708000156,1006.1628750008822,2187.2830419997626,239283.8
1778560976,5,,Aggregated,2.333333,0.000000,1400,1500,1600,1700,1900,2200,2200,2200,2200,2200,2200,20,0,1400,1453.3266708000156,1006.1628750008822,2187.2830419997626,239283.8
1778560977,5,,Aggregated,2.375000,0.000000,1400,1500,1600,1600,1800,1900,2200,2200,2200,2200,2200,21,0,1400,1432.8628015239137,1006.1628750008822,2187.2830419997626,239703.33333333334
1778560978,5,,Aggregated,2.000000,0.000000,1400,1500,1600,1600,1800,1900,2200,2200,2200,2200,2200,22,0,1400,1414.2119393183582,1006.1628750008822,2187.2830419997626,240084.72727272726
1778560979,5,,Aggregated,2.000000,0.000000,1400,1500,1600,1600,1800,1900,2200,2200,2200,2200,2200,26,0,1400,1373.1030624618982,809.2502920007973,2187.2830419997626,241834.88461538462
1778560980,5,,Aggregated,2.000000,0.000000,1400,1400,1600,1700,1800,1900,2200,2200,2200,2200,2200,30,0,1400,1378.533162467041,809.2502920007973,2187.2830419997626,244465.03333333333
1778560981,5,,Aggregated,2.000000,0.000000,1400,1400,1600,1700,1800,1900,2200,2200,2200,2200,2200,30,0,1400,1378.533162467041,809.2502920007973,2187.2830419997626,244465.03333333333
1778560982,5,,Aggregated,2.000000,0.000000,1400,1400,1600,1700,1800,1900,2200,2200,2200,2200,2200,30,0,1400,1378.533162467041,809.2502920007973,2187.2830419997626,244465.03333333333
1778560983,5,,Aggregated,2.100000,0.000000,1400,1400,1600,1600,1800,1900,2200,2200,2200,2200,2200,31,0,1400,1367.49752551658,809.2502920007973,2187.2830419997626,244582.09677419355
1778560984,5,,Aggregated,2.100000,0.000000,1400,1400,1600,1600,1800,1900,2200,2200,2200,2200,2200,31,0,1400,1367.49752551658,809.2502920007973,2187.2830419997626,244582.09677419355
1778560985,5,,Aggregated,1.100000,0.000000,1400,1500,1600,1700,1800,1900,2200,2200,2200,2200,2200,35,0,1400,1375.6908225718819,809.2502920007973,2187.2830419997626,245368.22857142857
1778560986,5,,Aggregated,1.200000,0.000000,1400,1400,1600,1600,1800,1900,2200,2200,2200,2200,2200,38,0,1400,1361.2408530268447,809.2502920007973,2187.2830419997626,246292.2105263158
1778560987,5,,Aggregated,1.200000,0.000000,1400,1400,1600,1700,1800,1900,2200,2200,2200,2200,2200,40,0,1400,1373.9667541254676,809.2502920007973,2187.2830419997626,247055.65
1778560988,5,,Aggregated,1.600000,0.000000,1400,1400,1600,1600,1800,1800,2200,2200,2200,2200,2200,41,0,1400,1367.3155558541866,809.2502920007973,2187.2830419997626,247080.9756097561
1778560989,5,,Aggregated,1.900000,0.000000,1400,1400,1600,1600,1800,1800,2200,2200,2200,2200,2200,42,0,1400,1361.4512668338562,809.2502920007973,2187.2830419997626,247105.09523809524
1778560990,5,,Aggregated,1.900000,0.000000,1400,1400,1600,1700,1800,1800,2200,2200,2200,2200,2200,43,0,1400,1369.8731714888877,809.2502920007973,2187.2830419997626,247441.27906976745
1778560991,5,,Aggregated,1.900000,0.000000,1400,1500,1600,1700,1800,1800,2200,2200,2200,2200,2200,44,0,1400,1372.140026500512,809.2502920007973,2187.2830419997626,247762.18181818182
1778560992,5,,Aggregated,1.500000,0.000000,1400,1400,1600,1700,1800,1800,2200,2200,2200,2200,2200,45,0,1400,1368.2361722004619,809.2502920007973,2187.2830419997626,247769.55555555556
1778560993,5,,Aggregated,1.400000,0.000000,1400,1500,1600,1600,1800,1800,2200,2200,2200,2200,2200,48,0,1400,1369.808376708761,809.2502920007973,2187.2830419997626,248070.39583333334
1778560994,5,,Aggregated,1.400000,0.000000,1400,1500,1600,1600,1800,1800,2200,2200,2200,2200,2200,48,0,1400,1369.808376708761,809.2502920007973,2187.2830419997626,248070.39583333334
1778560995,5,,Aggregated,1.500000,0.000000,1400,1500,1500,1600,1800,1800,1900,2200,2200,2200,2200,51,0,1400,1361.660731176908,809.2502920007973,2187.2830419997626,248599.9019607843
1778560996,5,,Aggregated,1.500000,0.000000,1400,1500,1500,1600,1800,1800,1900,2200,2200,2200,2200,52,0,1400,1364.3491065388914,809.2502920007973,2187.2830419997626,248590.17307692306
1778560997,5,,Aggregated,1.700000,0.000000,1400,1500,1500,1600,1800,1800,1900,2200,2200,2200,2200,53,0,1400,1371.9754441513462,809.2502920007973,2187.2830419997626,248834.90566037735
1778560998,5,,Aggregated,1.600000,0.000000,1400,1500,1600,1600,1800,1900,2200,2600,2600,2600,2600,56,0,1400,1392.9477678396195,809.2502920007973,2586.981291999109,249035.69642857142
1778560999,5,,Aggregated,1.600000,0.000000,1400,1500,1600,1600,1800,1900,2200,2600,2600,2600,2600,56,0,1400,1392.9477678396195,809.2502920007973,2586.981291999109,249035.69642857142
1778561000,5,,Aggregated,1.300000,0.000000,1400,1500,1500,1600,1800,1900,2200,2600,2600,2600,2600,60,0,1400,1379.7211062336526,809.2502920007973,2586.981291999109,249421.81666666668
1778561001,5,,Aggregated,1.500000,0.000000,1400,1500,1500,1600,1800,1800,2200,2600,2600,2600,2600,62,0,1400,1382.8717728228507,809.2502920007973,2586.981291999109,249813.40322580645
1778561002,5,,Aggregated,1.500000,0.000000,1400,1500,1500,1600,1800,1800,2200,2600,2600,2600,2600,62,0,1400,1382.8717728228507,809.2502920007973,2586.981291999109,249813.40322580645
1778561003,5,,Aggregated,1.600000,0.000000,1400,1500,1500,1600,1800,1800,2200,2600,2600,2600,2600,64,0,1400,1374.4878775784173,809.2502920007973,2586.981291999109,249759.671875
1778561004,5,,Aggregated,1.600000,0.000000,1400,1500,1500,1600,1800,1800,2200,2600,2600,2600,2600,64,0,1400,1374.4878775784173,809.2502920007973,2586.981291999109,249759.671875
1778561005,5,,Aggregated,1.700000,0.000000,1400,1500,1500,1600,1800,1900,2200,2600,2600,2600,2600,68,0,1400,1374.5085275591277,809.2502920007973,2586.981291999109,250057.7794117647
1778561006,5,,Aggregated,1.700000,0.000000,1400,1500,1500,1600,1800,1900,2200,2600,2600,2600,2600,69,0,1400,1370.4309057828905,809.2502920007973,2586.981291999109,250029.3188405797
1778561007,5,,Aggregated,1.400000,0.000000,1400,1500,1500,1600,1800,1900,2200,2600,2600,2600,2600,72,0,1400,1380.695162597577,809.2502920007973,2586.981291999109,250509.80555555556
1778561008,5,,Aggregated,1.400000,0.000000,1400,1500,1500,1600,1800,1900,2200,2600,2600,2600,2600,72,0,1400,1380.695162597577,809.2502920007973,2586.981291999109,250509.80555555556
1778561009,5,,Aggregated,1.400000,0.000000,1400,1500,1500,1600,1800,1900,2200,2600,2600,2600,2600,72,0,1400,1380.695162597577,809.2502920007973,2586.981291999109,250509.80555555556
1778561010,5,,Aggregated,1.400000,0.000000,1400,1500,1500,1600,1800,1900,2200,2600,2600,2600,2600,72,0,1400,1380.695162597577,809.2502920007973,2586.981291999109,250509.80555555556
1778561011,5,,Aggregated,1.600000,0.000000,1400,1500,1500,1600,1800,1900,2200,2600,2600,2600,2600,77,0,1400,1362.9801818055316,809.2502920007973,2586.981291999109,250352.93506493507
1778561012,5,,Aggregated,1.600000,0.000000,1400,1500,1500,1600,1800,1900,2200,2600,2600,2600,2600,77,0,1400,1362.9801818055316,809.2502920007973,2586.981291999109,250352.93506493507
1778561013,5,,Aggregated,1.200000,0.000000,1400,1500,1500,1700,1800,1900,2200,2600,2600,2600,2600,82,0,1400,1379.2135248905852,809.2502920007973,2586.981291999109,251036.3536585366
1778561014,5,,Aggregated,1.200000,0.000000,1400,1500,1500,1700,1800,1900,2200,2600,2600,2600,2600,82,0,1400,1379.2135248905852,809.2502920007973,2586.981291999109,251036.3536585366
1778561015,5,,Aggregated,1.200000,0.000000,1400,1500,1500,1700,1800,1900,2200,2600,2600,2600,2600,82,0,1400,1379.2135248905852,809.2502920007973,2586.981291999109,251036.3536585366
1778561016,5,,Aggregated,1.800000,0.000000,1400,1500,1500,1700,1800,1900,2200,2600,2600,2600,2600,83,0,1400,1377.6493599400867,809.2502920007973,2586.981291999109,251000.90361445784
1778561017,5,,Aggregated,1.700000,0.000000,1400,1500,1500,1600,1800,1900,2200,2600,2600,2600,2600,86,0,1400,1369.6215314886463,809.2502920007973,2586.981291999109,251056.09302325582
1778561018,5,,Aggregated,1.300000,0.000000,1400,1500,1500,1600,1800,1900,2200,2600,2600,2600,2600,89,0,1400,1361.479616562085,809.2502920007973,2586.981291999109,251258.8764044944
1778561019,5,,Aggregated,1.300000,0.000000,1400,1500,1500,1600,1800,1900,2200,2600,2600,2600,2600,90,0,1400,1362.982728700283,809.2502920007973,2586.981291999109,251223.7111111111
1778561020,5,,Aggregated,1.300000,0.000000,1400,1500,1500,1600,1800,1900,2200,2600,2600,2600,2600,91,0,1400,1363.8213759123962,809.2502920007973,2586.981291999109,251337.3076923077
1778561021,5,,Aggregated,1.700000,0.000000,1400,1500,1500,1600,1800,1900,2200,2600,2600,2600,2600,93,0,1400,1358.5380564411846,809.2502920007973,2586.981291999109,251412.36559139786
1778561022,5,,Aggregated,1.700000,0.000000,1400,1500,1500,1600,1800,1900,2200,2600,2600,2600,2600,93,0,1400,1358.5380564411846,809.2502920007973,2586.981291999109,251412.36559139786
1778561023,5,,Aggregated,2.000000,0.000000,1400,1500,1500,1600,1800,1900,2200,2600,2600,2600,2600,95,0,1400,1361.0702148950384,809.2502920007973,2586.981291999109,251484.26315789475
1778561024,5,,Aggregated,1.600000,0.000000,1400,1500,1500,1600,1800,1900,2200,2600,2600,2600,2600,97,0,1400,1359.6757525672954,809.2502920007973,2586.981291999109,251414.36082474227
1778561025,5,,Aggregated,1.600000,0.000000,1400,1500,1500,1600,1800,1900,2200,2600,2600,2600,2600,98,0,1400,1361.1812793268266,809.2502920007973,2586.981291999109,251517.89795918367
1778561026,5,,Aggregated,1.400000,0.000000,1400,1500,1500,1700,1800,1900,2200,2600,2600,2600,2600,100,0,1400,1372.7723262403015,809.2502920007973,2586.981291999109,251718.76
1778561027,10,,Aggregated,1.400000,0.000000,1400,1500,1500,1600,1800,1900,2200,2200,2600,2600,2600,102,0,1400,1367.0306981179344,809.2502920007973,2586.981291999109,251647.6862745098
1778561028,15,,Aggregated,1.600000,0.000000,1400,1500,1500,1600,1800,1900,2200,2200,2600,2600,2600,108,0,1400,1373.2034355558021,809.2502920007973,2586.981291999109,245751.99074074073
1778561029,20,,Aggregated,1.800000,0.000000,1400,1500,1500,1600,1800,1900,2200,2200,2600,2600,2600,116,0,1400,1372.0425553105213,809.2502920007973,2586.981291999109,241267.72413793104
1778561030,20,,Aggregated,1.700000,0.000000,1400,1500,1600,1700,1800,1900,2200,2200,2600,2600,2600,129,0,1400,1389.3241081940116,809.2502920007973,2586.981291999109,241231.87596899224
1778561031,20,,Aggregated,2.300000,0.000000,1400,1500,1600,1600,1800,1800,2200,2200,2600,2600,2600,142,0,1400,1378.3368738382244,809.2502920007973,2586.981291999109,244204.77464788733
1778561032,20,,Aggregated,3.000000,0.000000,1400,1500,1600,1700,1800,1900,2000,2200,2600,2600,2600,157,0,1400,1380.0099007454658,809.2502920007973,2586.981291999109,246552.91719745222
1778561033,20,,Aggregated,4.400000,0.000000,1400,1500,1600,1700,1800,1900,2000,2200,2600,2600,2600,166,0,1400,1372.186909644808,767.1948749994044,2586.981291999109,246961.0
1778561034,20,,Aggregated,5.100000,0.000000,1400,1500,1600,1700,1800,1900,2000,2200,2600,2600,2600,173,0,1400,1379.148259641861,767.1948749994044,2586.981291999109,247551.774566474
1778561035,20,,Aggregated,6.400000,0.000000,1400,1500,1600,1700,1800,1900,2200,2300,2600,2600,2600,174,0,1400,1384.6037507243857,767.1948749994044,2586.981291999109,247632.2931034483
1778561036,20,,Aggregated,7.300000,0.000000,1400,1500,1600,1700,1800,1900,2200,2300,2600,2600,2600,177,0,1400,1380.4841210002332,767.1948749994044,2586.981291999109,247640.11864406778
1778561037,20,,Aggregated,7.500000,0.000000,1400,1500,1600,1700,1800,1900,2200,2300,2600,2600,2600,183,0,1400,1387.326848819885,767.1948749994044,2586.981291999109,247655.0
1778561038,20,,Aggregated,7.600000,0.000000,1400,1500,1600,1700,1800,2000,2300,2400,2600,2600,2600,193,0,1400,1399.2909868292106,767.1948749994044,2586.981291999109,248096.40932642488
1778561039,20,,Aggregated,7.900000,0.000000,1400,1500,1600,1700,1900,2000,2300,2400,2600,2600,2600,201,0,1400,1408.0402997414662,767.1948749994044,2586.981291999109,248364.31343283583
1778561040,20,,Aggregated,7.900000,0.000000,1400,1500,1700,1700,1900,2100,2300,2400,2800,2800,2800,206,0,1400,1420.5559686409306,767.1948749994044,2795.163416998548,248553.87378640776
1778561041,20,,Aggregated,8.300000,0.000000,1400,1500,1700,1700,1900,2100,2300,2400,2800,2800,2800,213,0,1400,1423.7408632583329,767.1948749994044,2795.163416998548,248854.88732394367
1778561042,20,,Aggregated,8.200000,0.000000,1400,1500,1600,1700,1900,2100,2300,2400,2800,2800,2800,217,0,1400,1421.5517678572307,767.1948749994044,2795.163416998548,248964.98156682026
1778561043,20,,Aggregated,7.200000,0.000000,1400,1500,1600,1700,1900,2100,2300,2400,2800,2800,2800,221,0,1400,1422.5454236471567,767.1948749994044,2795.163416998548,249010.15384615384
1778561044,20,,Aggregated,6.900000,0.000000,1400,1500,1600,1700,1900,2100,2300,2400,2800,2800,2800,229,0,1400,1413.1754010262646,744.7643749983399,2795.163416998548,249154.57205240175
1778561045,20,,Aggregated,6.000000,0.000000,1400,1500,1600,1700,1900,2100,2300,2400,2800,2800,2800,237,0,1400,1407.7424857679828,744.7643749983399,2795.163416998548,249346.06329113923
1778561046,20,,Aggregated,5.500000,0.000000,1400,1500,1600,1700,1900,2100,2300,2400,2800,2800,2800,245,0,1400,1408.7690039265829,744.7643749983399,2795.163416998548,249634.9836734694
1778561047,20,,Aggregated,6.100000,0.000000,1400,1500,1600,1700,1900,2100,2300,2400,2800,2800,2800,250,0,1400,1407.8171691880432,744.7643749983399,2795.163416998548,249765.768
1778561048,20,,Aggregated,6.400000,0.000000,1400,1500,1600,1700,1900,2100,2300,2400,2800,2800,2800,258,0,1400,1398.7274593140235,693.5484160021588,2795.163416998548,249766.12790697673
1778561049,20,,Aggregated,6.400000,0.000000,1400,1500,1600,1700,1900,2000,2300,2400,2800,2800,2800,263,0,1400,1395.6639203194559,693.5484160021588,2795.163416998548,249990.3650190114
1778561050,20,,Aggregated,6.800000,0.000000,1300,1500,1600,1700,1900,2000,2300,2400,2800,2800,2800,270,0,1300,1391.489565600058,693.5484160021588,2795.163416998548,250090.83333333334
1778561051,20,,Aggregated,6.300000,0.000000,1300,1500,1600,1700,1900,2000,2300,2400,2800,2800,2800,274,0,1300,1391.0148607154022,693.5484160021588,2795.163416998548,250110.8321167883
1778561052,20,,Aggregated,6.400000,0.000000,1400,1500,1600,1700,1900,2000,2300,2400,2800,2800,2800,282,0,1300,1389.244382695081,693.5484160021588,2795.163416998548,250244.63829787233
1778561053,20,,Aggregated,6.200000,0.000000,1300,1500,1600,1700,1900,2000,2300,2400,2800,2800,2800,290,0,1300,1388.2930886621255,693.5484160021588,2795.163416998548,250417.5
1778561054,20,,Aggregated,6.400000,0.000000,1300,1500,1600,1700,1900,2000,2300,2400,2800,2800,2800,296,0,1300,1384.3833866993864,693.5484160021588,2795.163416998548,250506.8918918919
1778561055,20,,Aggregated,6.500000,0.000000,1300,1500,1600,1700,1900,2000,2200,2400,2800,2800,2800,303,0,1300,1376.3598990759806,693.5484160021588,2795.163416998548,250584.48514851485
1778561056,20,,Aggregated,6.600000,0.000000,1300,1500,1600,1700,1800,2000,2200,2400,2800,2800,2800,312,0,1300,1373.0678440321121,693.5484160021588,2795.163416998548,250685.29807692306
1778561057,20,,Aggregated,6.500000,0.000000,1300,1500,1600,1700,1800,2000,2200,2400,2800,2800,2800,316,0,1300,1373.965034826029,693.5484160021588,2795.163416998548,250780.34810126582
1778561058,20,,Aggregated,6.700000,0.000000,1300,1500,1600,1700,1800,2000,2200,2400,2800,2800,2800,322,0,1300,1372.3751964441628,693.5484160021588,2795.163416998548,250855.76086956522
1778561059,20,,Aggregated,6.700000,0.000000,1300,1500,1600,1700,1800,2000,2200,2400,2800,2800,2800,328,0,1300,1372.7042317195726,693.5484160021588,2795.163416998548,250969.4725609756
1778561060,20,,Aggregated,6.600000,0.000000,1300,1500,1600,1700,1800,2000,2200,2400,2800,2800,2800,334,0,1300,1365.1253795000428,693.5484160021588,2795.163416998548,250998.45808383235
1778561061,20,,Aggregated,6.400000,0.000000,1300,1500,1600,1600,1800,2000,2200,2400,2800,2800,2800,344,0,1300,1359.062214883761,693.5484160021588,2795.163416998548,251070.6191860465
1778561062,20,,Aggregated,6.200000,0.000000,1300,1500,1600,1600,1800,2000,2200,2400,2800,2800,2800,350,0,1300,1355.542743231461,693.5484160021588,2795.163416998548,251135.02285714285
1778561063,20,,Aggregated,6.400000,0.000000,1300,1500,1600,1600,1800,2000,2200,2400,2800,2800,2800,359,0,1300,1356.322108417872,693.5484160021588,2795.163416998548,251246.34818941503
1778561064,20,,Aggregated,6.900000,0.000000,1300,1500,1600,1600,1800,2000,2200,2400,2800,2800,2800,364,0,1300,1353.635797291247,693.5484160021588,2795.163416998548,251351.0357142857
1778561065,20,,Aggregated,6.700000,0.000000,1300,1500,1600,1600,1800,2000,2200,2400,2800,2800,2800,370,0,1300,1351.1995383027536,693.5484160021588,2795.163416998548,251334.6162162162
1778561066,20,,Aggregated,6.900000,0.000000,1300,1500,1600,1600,1800,2000,2200,2400,2800,2800,2800,375,0,1300,1348.289923349388,693.5484160021588,2795.163416998548,251399.144
1778561067,20,,Aggregated,6.800000,0.000000,1300,1500,1600,1600,1800,2000,2200,2400,2800,2800,2800,379,0,1300,1349.1418767757784,693.5484160021588,2795.163416998548,251470.86015831135
1778561068,20,,Aggregated,6.600000,0.000000,1300,1500,1600,1600,1800,2000,2200,2400,2800,2800,2800,386,0,1300,1347.6701959327088,693.5484160021588,2795.163416998548,251514.28756476683
1778561069,20,,Aggregated,6.300000,0.000000,1300,1500,1600,1600,1800,2000,2200,2400,2800,2800,2800,392,0,1300,1343.5102155765967,693.5484160021588,2795.163416998548,251530.64540816325
1778561070,20,,Aggregated,6.200000,0.000000,1300,1500,1600,1600,1800,2000,2200,2400,2800,2800,2800,400,0,1300,1343.7851191800678,693.5484160021588,2795.163416998548,251596.5825
1778561071,20,,Aggregated,6.400000,0.000000,1300,1500,1600,1700,1800,2000,2200,2300,2800,2800,2800,408,0,1300,1345.666801277019,693.5484160021588,2795.163416998548,251659.9338235294
1778561072,20,,Aggregated,6.300000,0.000000,1300,1500,1600,1700,1800,2000,2200,2300,2800,2800,2800,415,0,1300,1346.7806199952495,693.5484160021588,2795.163416998548,251762.03855421688
1778561073,20,,Aggregated,6.600000,0.000000,1300,1500,1600,1700,1800,2000,2200,2300,2800,2800,2800,419,0,1300,1344.921536706517,693.5484160021588,2795.163416998548,251759.16229116946
1778561074,20,,Aggregated,6.200000,0.000000,1300,1500,1600,1700,1800,2000,2200,2300,2800,2800,2800,423,0,1300,1345.0495539906165,693.5484160021588,2795.163416998548,251820.01418439715
1778561075,20,,Aggregated,6.500000,0.000000,1300,1500,1600,1600,1800,2000,2200,2300,2800,2800,2800,431,0,1300,1343.1358497843055,693.5484160021588,2795.163416998548,251844.59164733178
1778561076,20,,Aggregated,6.000000,0.000000,1300,1500,1600,1600,1800,2000,2200,2300,2800,2800,2800,439,0,1300,1338.7612356834547,693.5484160021588,2795.163416998548,251929.6264236902
1778561077,20,,Aggregated,5.600000,0.000000,1300,1500,1600,1600,1800,2000,2200,2300,2800,2800,2800,447,0,1300,1336.3094464139392,693.5484160021588,2795.163416998548,251951.36241610738
1778561078,20,,Aggregated,6.000000,0.000000,1300,1500,1600,1600,1800,2000,2200,2300,2800,2800,2800,449,0,1300,1337.158025530139,693.5484160021588,2795.163416998548,251934.18040089088
1778561079,20,,Aggregated,6.500000,0.000000,1300,1500,1600,1600,1800,2000,2200,2300,2800,2800,2800,457,0,1300,1337.3589727506135,693.5484160021588,2795.163416998548,252014.2975929978
1778561080,20,,Aggregated,6.500000,0.000000,1300,1500,1600,1600,1800,2000,2200,2300,2800,2800,2800,457,0,1300,1337.3589727506135,693.5484160021588,2795.163416998548,252014.2975929978
1778561081,20,,Aggregated,6.500000,0.000000,1300,1500,1600,1600,1800,2000,2200,2300,2800,2800,2800,457,0,1300,1337.3589727506135,693.5484160021588,2795.163416998548,252014.2975929978
1778561082,20,,Aggregated,6.500000,0.000000,1300,1500,1600,1600,1800,2000,2200,2300,2800,2800,2800,457,0,1300,1337.3589727506135,693.5484160021588,2795.163416998548,252014.2975929978
1778561083,20,,Aggregated,6.500000,0.000000,1300,1500,1600,1600,1800,2000,2200,2300,2800,2800,2800,457,0,1300,1337.3589727506135,693.5484160021588,2795.163416998548,252014.2975929978
1778561084,20,,Aggregated,6.500000,0.000000,1300,1500,1600,1600,1800,2000,2200,2300,2800,2800,2800,457,0,1300,1337.3589727506135,693.5484160021588,2795.163416998548,252014.2975929978
1778561085,20,,Aggregated,6.500000,0.000000,1300,1500,1600,1600,1800,2000,2200,2300,2800,2800,2800,457,0,1300,1337.3589727506135,693.5484160021588,2795.163416998548,252014.2975929978
1778561086,20,,Aggregated,6.500000,0.000000,1300,1500,1600,1600,1800,2000,2200,2300,2800,2800,2800,457,0,1300,1337.3589727506135,693.5484160021588,2795.163416998548,252014.2975929978
1778561087,30,,Aggregated,6.500000,0.000000,1300,1500,1600,1600,1800,2000,2200,2300,2800,2800,2800,457,0,1300,1337.3589727506135,693.5484160021588,2795.163416998548,252014.2975929978
1778561088,40,,Aggregated,6.500000,0.000000,1300,1500,1600,1600,1800,2000,2200,2300,2800,2800,2800,457,0,1300,1337.3589727506135,693.5484160021588,2795.163416998548,252014.2975929978
1778561089,50,,Aggregated,1.700000,0.000000,1300,1500,1600,1600,1800,2000,2200,2400,9500,9500,9500,458,1,1300,1355.1166431157942,693.5484160021588,9470.372000003408,252005.7379912664
1778561090,50,,Aggregated,1.000000,0.000000,1300,1500,1600,1600,1800,2000,2200,2400,9900,9900,9900,459,2,1300,1373.7948605795934,693.5484160021588,9928.418458999658,251997.21568627452
1778561091,50,,Aggregated,0.700000,0.000000,1300,1500,1600,1600,1800,2000,2200,2600,9900,9900,9900,460,3,1300,1392.3503669500717,693.5484160021588,9928.418458999658,251988.7304347826
1778561092,50,,Aggregated,0.100000,0.100000,1300,1500,1600,1600,1800,2000,2300,2800,10000,10000,10000,461,4,1300,1411.1601307961682,693.5484160021588,10063.65150000056,251980.28199566161
1778561093,50,,Aggregated,0.100000,0.100000,1300,1500,1600,1600,1800,2000,2300,2800,10000,10000,10000,461,4,1300,1411.1601307961682,693.5484160021588,10063.65150000056,251980.28199566161
1778561094,50,,Aggregated,0.300000,0.300000,1300,1500,1600,1700,1900,2100,2600,7700,10000,10000,10000,465,4,1300,1463.339785585015,693.5484160021588,10063.65150000056,250864.90752688173
1778561095,50,,Aggregated,0.400000,0.400000,1300,1500,1600,1700,1900,2100,7200,9500,16000,16000,16000,470,5,1300,1543.7448222660385,693.5484160021588,16442.334709001443,249764.99574468084
1778561096,50,,Aggregated,0.400000,0.400000,1300,1500,1600,1700,1900,2200,7400,9900,17000,17000,17000,473,6,1300,1599.455981071962,693.5484160021588,16532.54220799863,249222.5750528541
1778561097,50,,Aggregated,0.800000,0.400000,1300,1500,1600,1700,1900,2300,7700,16000,19000,19000,19000,476,9,1300,1702.3647169244382,693.5484160021588,18569.401416996698,249243.75420168068
1778561099,50,,Aggregated,0.800000,0.400000,1300,1500,1600,1700,1900,2300,7700,16000,19000,19000,19000,476,9,1300,1702.3647169244382,693.5484160021588,18569.401416996698,249243.75420168068
1778561100,50,,Aggregated,1.600000,0.600000,1300,1500,1600,1700,1900,2600,9900,17000,20000,20000,20000,480,10,1300,1781.9646043563139,693.5484160021588,20176.708541999687,249450.825
1778561101,50,,Aggregated,1.900000,0.900000,1300,1500,1600,1700,1900,2600,9900,18000,20000,20000,20000,481,11,1300,1817.9325281705378,693.5484160021588,20176.708541999687,249448.00415800416
1778561102,50,,Aggregated,1.900000,0.900000,1300,1500,1600,1700,2000,2800,10000,19000,20000,20000,20000,482,12,1300,1854.3889047552477,693.5484160021588,20176.708541999687,249445.19502074688
1778561103,50,,Aggregated,2.200000,0.900000,1300,1500,1600,1700,2000,6900,17000,19000,24000,24000,24000,485,14,1300,1932.3925530248061,693.5484160021588,23669.972499999858,249464.60412371135
1778561104,50,,Aggregated,2.200000,0.900000,1300,1500,1600,1700,2000,6900,17000,19000,24000,24000,24000,485,14,1300,1932.3925530248061,693.5484160021588,23669.972499999858,249464.60412371135
1778561105,50,,Aggregated,2.400000,1.000000,1300,1500,1600,1700,2000,7200,18000,19000,24000,24000,24000,490,14,1300,2058.3093252735434,693.5484160021588,23669.972499999858,248423.8755102041
1778561106,50,,Aggregated,2.400000,1.000000,1300,1500,1600,1700,2100,9500,18000,19000,24000,24000,24000,496,14,1300,2238.2973603166074,693.5484160021588,23669.972499999858,246898.40120967742
1778561107,50,,Aggregated,2.400000,1.000000,1300,1500,1600,1700,2100,9900,18000,19000,26000,26000,26000,497,15,1300,2286.3499148391124,693.5484160021588,26120.416958001442,246900.8068410463
1778561108,50,,Aggregated,2.400000,1.000000,1300,1500,1600,1700,2100,9900,18000,19000,26000,26000,26000,497,15,1300,2286.3499148391124,693.5484160021588,26120.416958001442,246900.8068410463
1778561109,50,,Aggregated,2.400000,1.000000,1300,1500,1600,1700,2100,9900,18000,19000,26000,26000,26000,497,15,1300,2286.3499148391124,693.5484160021588,26120.416958001442,246900.8068410463
1778561110,50,,Aggregated,2.400000,0.900000,1300,1500,1700,1800,2100,9900,18000,19000,26000,26000,26000,498,15,1300,2306.958007630598,693.5484160021588,26120.416958001442,246930.2449799197
1778561111,50,,Aggregated,2.100000,0.600000,1300,1500,1700,1800,2200,13000,18000,19000,28000,28000,28000,500,16,1300,2383.1410498500713,693.5484160021588,27971.182666999084,247089.032
1778561112,50,,Aggregated,2.100000,0.600000,1300,1500,1700,1800,2200,13000,18000,19000,28000,28000,28000,502,17,1300,2452.10801445824,693.5484160021588,28355.470292000973,247119.8625498008
1778561113,50,,Aggregated,1.800000,0.500000,1300,1500,1700,1800,2200,13000,18000,19000,28000,28000,28000,503,18,1300,2467.2469788927215,693.5484160021588,28355.470292000973,247121.79920477138
1778561114,50,,Aggregated,1.800000,0.400000,1300,1500,1700,1800,2200,13000,18000,19000,28000,28000,28000,504,18,1300,2479.3685725199184,693.5484160021588,28355.470292000973,247150.4484126984
1778561115,50,,Aggregated,2.000000,0.500000,1300,1500,1700,1800,2300,15000,19000,20000,28000,28000,28000,508,20,1300,2525.987015189051,693.5484160021588,28355.470292000973,247184.3877952756
1778561116,50,,Aggregated,1.900000,0.400000,1300,1500,1700,1800,2400,17000,19000,26000,29000,29000,29000,511,20,1300,2681.8549924306,693.5484160021588,29078.12487499905,246451.3170254403
1778561117,50,,Aggregated,1.900000,0.600000,1300,1500,1700,1800,7000,17000,24000,29000,30000,30000,30000,518,22,1300,2933.169095974972,693.5484160021588,29774.289500001032,245554.26833976834
1778561118,50,,Aggregated,1.900000,0.600000,1300,1500,1700,1800,7100,17000,24000,29000,30000,30000,30000,520,22,1300,2966.807496567366,693.5484160021588,29774.289500001032,245860.41346153847
1778561119,50,,Aggregated,1.200000,0.600000,1300,1600,1700,1900,7600,18000,29000,29000,40000,40000,40000,530,25,1300,3240.450946551004,693.5484160021588,40078.43233299718,245317.6641509434
1778561120,50,,Aggregated,2.000000,0.700000,1300,1600,1700,1900,7600,18000,29000,29000,40000,40000,40000,533,25,1300,3286.5461940394534,693.5484160021588,40078.43233299718,245647.70919324577
1778561121,50,,Aggregated,3.300000,1.000000,1300,1600,1700,1900,7600,18000,29000,29000,40000,40000,40000,540,25,1300,3265.5872909074697,693.5484160021588,40078.43233299718,245964.82407407407
1778561122,50,,Aggregated,3.500000,1.000000,1400,1600,1800,1900,9900,19000,29000,29000,43000,43000,43000,550,28,1400,3564.027765845511,693.5484160021588,42664.47937499834,246546.28
1778561123,50,,Aggregated,4.000000,1.000000,1400,1600,1800,1900,10000,20000,29000,29000,43000,43000,43000,558,28,1400,3633.8308078853474,693.5484160021588,42664.47937499834,246640.87275985663
1778561124,50,,Aggregated,4.000000,1.000000,1400,1600,1800,1900,10000,20000,29000,29000,43000,43000,43000,560,28,1400,3657.3042971893306,693.5484160021588,42664.47937499834,246783.66785714286
1778561125,50,,Aggregated,4.700000,1.100000,1400,1600,1800,1900,12000,20000,29000,29000,43000,43000,43000,567,29,1400,3752.372237522086,693.5484160021588,42664.47937499834,247231.31569664902
1778561126,50,,Aggregated,5.600000,1.000000,1400,1600,1800,2000,16000,21000,29000,29000,43000,43000,43000,575,29,1400,3918.813983200045,693.5484160021588,42664.47937499834,247936.83652173914
1778561127,50,,Aggregated,5.900000,0.900000,1400,1600,1800,2000,16000,21000,29000,29000,43000,43000,43000,578,30,1400,3926.83182505541,693.5484160021588,42664.47937499834,247960.95155709342
1778561128,50,,Aggregated,5.900000,0.900000,1400,1600,1800,2000,16000,21000,29000,29000,43000,43000,43000,586,30,1400,3956.366159071713,693.5484160021588,42664.47937499834,248403.23890784982
1778561129,50,,Aggregated,5.900000,0.700000,1400,1600,1800,2000,16000,21000,29000,29000,43000,43000,43000,595,32,1400,4011.5719766269353,693.5484160021588,42664.47937499834,248466.46218487396
1778561130,50,,Aggregated,5.900000,0.700000,1400,1600,1800,2100,17000,22000,29000,31000,43000,43000,43000,600,33,1400,4151.707548976708,693.5484160021588,42664.47937499834,248977.09
1778561131,50,,Aggregated,6.400000,0.700000,1400,1600,1800,2100,17000,22000,29000,31000,43000,43000,43000,609,34,1400,4181.153557559963,693.5484160021588,42664.47937499834,249179.0328407225
1778561132,50,,Aggregated,6.400000,0.700000,1400,1600,1900,2100,16000,21000,29000,31000,43000,43000,43000,621,39,1400,4232.53861971822,693.5484160021588,42664.47937499834,249353.25120772948
1778561133,50,,Aggregated,6.900000,0.900000,1400,1700,1900,2300,16000,21000,29000,31000,43000,43000,43000,631,46,1400,4278.451330115701,693.5484160021588,42664.47937499834,249418.66561014263
1778561134,50,,Aggregated,6.900000,0.900000,1400,1700,1900,2800,16000,21000,29000,31000,43000,43000,43000,638,50,1400,4308.943785742958,693.5484160021588,42664.47937499834,249467.45768025078
1778561135,50,,Aggregated,7.300000,1.800000,1400,1700,2000,4800,16000,21000,29000,31000,43000,43000,43000,649,55,1400,4368.712706426817,693.5484160021588,42664.47937499834,249708.17719568568
1778561136,50,,Aggregated,7.800000,2.200000,1400,1700,2000,5400,16000,21000,29000,31000,43000,43000,43000,663,59,1400,4414.846683650081,693.5484160021588,42664.47937499834,249973.14177978883
1778561137,50,,Aggregated,7.800000,2.300000,1400,1700,2100,4800,15000,21000,29000,31000,43000,43000,43000,676,64,1400,4389.148833471893,693.5484160021588,42664.47937499834,250096.38313609466
1778561138,50,,Aggregated,8.700000,2.700000,1400,1700,2100,4600,14000,21000,29000,31000,43000,43000,43000,686,68,1400,4362.807124103507,693.5484160021588,42664.47937499834,250145.72157434403
1778561139,50,,Aggregated,8.700000,2.700000,1500,1700,2200,4400,13000,20000,29000,30000,43000,43000,43000,703,69,1500,4308.284890365581,693.5484160021588,42664.47937499834,250230.20341394027
1778561140,50,,Aggregated,9.800000,3.800000,1500,1800,2200,4300,13000,20000,29000,30000,43000,43000,43000,716,69,1500,4269.708902131287,693.5484160021588,42664.47937499834,250323.07960893854
1778561141,50,,Aggregated,10.900000,3.700000,1500,1800,2200,4200,12000,20000,29000,30000,43000,43000,43000,735,69,1500,4206.229522232657,693.5484160021588,42664.47937499834,250430.35918367346
1778561142,50,,Aggregated,10.900000,3.700000,1500,1800,2200,3900,12000,20000,29000,30000,43000,43000,43000,747,69,1500,4166.685316890239,693.5484160021588,42664.47937499834,250500.99598393575
1778561143,50,,Aggregated,12.000000,3.500000,1500,1800,2200,3800,11000,20000,29000,30000,43000,43000,43000,762,69,1500,4120.607091220483,693.5484160021588,42664.47937499834,250630.3464566929
1778561144,50,,Aggregated,12.600000,3.000000,1500,1800,2100,3500,11000,20000,29000,30000,43000,43000,43000,776,69,1500,4075.8792118891724,693.5484160021588,42664.47937499834,250723.42268041236
1778561145,50,,Aggregated,12.900000,2.300000,1500,1800,2100,3200,11000,20000,29000,30000,43000,43000,43000,796,69,1500,4006.1869563567725,693.5484160021588,42664.47937499834,250792.70351758794
1778561146,50,,Aggregated,13.600000,1.900000,1500,1800,2100,3000,11000,20000,29000,30000,43000,43000,43000,806,69,1500,3973.340334588072,693.5484160021588,42664.47937499834,250842.7630272953
1778561147,50,,Aggregated,14.300000,1.700000,1500,1800,2100,2900,11000,19000,29000,30000,43000,43000,43000,821,69,1500,3928.3374122143546,693.5484160021588,42664.47937499834,250940.17052375153
1778561148,50,,Aggregated,14.300000,1.700000,1500,1800,2100,2900,11000,19000,29000,30000,43000,43000,43000,821,69,1500,3928.3374122143546,693.5484160021588,42664.47937499834,250940.17052375153
1778561149,47,,Aggregated,14.400000,0.700000,1500,1800,2100,2900,11000,19000,29000,30000,43000,43000,43000,824,69,1500,3920.941395847068,693.5484160021588,42664.47937499834,250471.91504854368
1778561150,25,,Aggregated,13.700000,0.100000,1500,1800,2200,2800,10000,19000,29000,30000,43000,43000,43000,846,69,1500,3881.386160570898,693.5484160021588,42664.47937499834,247139.51536643025
1778561151,9,,Aggregated,11.800000,0.000000,1500,1900,2300,3200,10000,19000,29000,30000,43000,43000,43000,862,69,1500,3872.7670686507854,693.5484160021588,42664.47937499834,244822.79118329467
1778561152,3,,Aggregated,11.800000,0.000000,1500,1900,2300,3300,10000,19000,29000,30000,43000,43000,43000,868,69,1500,3875.0208302730084,693.5484160021588,42664.47937499834,243976.0391705069
