Method,Name,Error,Occurrences,First Seen,Last Seen
GET,GET /mod/quiz/view.php?id=63,CatchResponseError('Quiz view quá chậm: 8457 ms'),1,2026-05-12T04:45:14Z,2026-05-12T04:45:14Z
POST,POST /mod/quiz/startattempt.php,CatchResponseError('Start attempt quá chậm: 7165 ms'),1,2026-05-12T04:45:32Z,2026-05-12T04:45:32Z
GET,GET /mod/quiz/view.php?id=63,CatchResponseError('Quiz view quá chậm: 11006 ms'),1,2026-05-12T04:45:28Z,2026-05-12T04:45:28Z
GET,GET /mod/quiz/view.php?id=63,CatchResponseError('Quiz view quá chậm: 9907 ms'),1,2026-05-12T04:44:51Z,2026-05-12T04:44:51Z
GET,GET /mod/quiz/view.php?id=63,CatchResponseError('Quiz view quá chậm: 18634 ms'),1,2026-05-12T04:45:02Z,2026-05-12T04:45:02Z
GET,GET /mod/quiz/view.php?id=63,CatchResponseError('Quiz view quá chậm: 3287 ms'),1,2026-05-12T04:45:37Z,2026-05-12T04:45:37Z
GET,GET /mod/quiz/view.php?id=63,CatchResponseError('Quiz view quá chậm: 8196 ms'),1,2026-05-12T04:45:32Z,2026-05-12T04:45:32Z
POST,POST /mod/quiz/startattempt.php,CatchResponseError('Start attempt quá chậm: 4309 ms'),1,2026-05-12T04:45:36Z,2026-05-12T04:45:36Z
POST,POST /mod/quiz/startattempt.php,CatchResponseError('Start attempt quá chậm: 10796 ms'),1,2026-05-12T04:45:27Z,2026-05-12T04:45:27Z
GET,GET /mod/quiz/view.php?id=63,CatchResponseError('Quiz view quá chậm: 9304 ms'),1,2026-05-12T04:45:31Z,2026-05-12T04:45:31Z
POST,POST /mod/quiz/startattempt.php,CatchResponseError('Start attempt quá chậm: 23725 ms'),1,2026-05-12T04:45:21Z,2026-05-12T04:45:21Z
POST,POST /mod/quiz/startattempt.php,CatchResponseError('Start attempt quá chậm: 4749 ms'),1,2026-05-12T04:45:35Z,2026-05-12T04:45:35Z
POST,POST /mod/quiz/startattempt.php,CatchResponseError('Start attempt quá chậm: 3594 ms'),1,2026-05-12T04:45:37Z,2026-05-12T04:45:37Z
POST,POST /mod/quiz/startattempt.php,CatchResponseError('Start attempt quá chậm: 3731 ms'),1,2026-05-12T04:45:37Z,2026-05-12T04:45:37Z
POST,POST /mod/quiz/startattempt.php,CatchResponseError('Start attempt quá chậm: 9018 ms'),1,2026-05-12T04:45:31Z,2026-05-12T04:45:31Z
POST,POST /mod/quiz/startattempt.php,CatchResponseError('Start attempt quá chậm: 9184 ms'),1,2026-05-12T04:45:31Z,2026-05-12T04:45:31Z
POST,POST /mod/quiz/startattempt.php,CatchResponseError('Start attempt quá chậm: 28031 ms'),1,2026-05-12T04:45:18Z,2026-05-12T04:45:18Z
GET,GET /mod/quiz/view.php?id=63,CatchResponseError('Quiz view quá chậm: 4847 ms'),1,2026-05-12T04:45:35Z,2026-05-12T04:45:35Z
POST,POST /mod/quiz/startattempt.php,CatchResponseError('Start attempt quá chậm: 9943 ms'),1,2026-05-12T04:45:31Z,2026-05-12T04:45:31Z
POST,POST /mod/quiz/startattempt.php,CatchResponseError('Start attempt quá chậm: 3217 ms'),1,2026-05-12T04:45:37Z,2026-05-12T04:45:37Z
GET,GET /mod/quiz/view.php?id=63,CatchResponseError('Quiz view quá chậm: 6515 ms'),1,2026-05-12T04:45:16Z,2026-05-12T04:45:16Z
POST,POST /mod/quiz/startattempt.php,CatchResponseError('Start attempt quá chậm: 18089 ms'),1,2026-05-12T04:45:24Z,2026-05-12T04:45:24Z
GET,GET /mod/quiz/view.php?id=63,CatchResponseError('Quiz view quá chậm: 7308 ms'),1,2026-05-12T04:45:32Z,2026-05-12T04:45:32Z
GET,GET /mod/quiz/view.php?id=63,CatchResponseError('Quiz view quá chậm: 22449 ms'),1,2026-05-12T04:45:21Z,2026-05-12T04:45:21Z
GET,GET /mod/quiz/view.php?id=63,CatchResponseError('Quiz view quá chậm: 3790 ms'),1,2026-05-12T04:45:36Z,2026-05-12T04:45:36Z
POST,POST /mod/quiz/startattempt.php,CatchResponseError('Start attempt quá chậm: 4516 ms'),1,2026-05-12T04:45:35Z,2026-05-12T04:45:35Z
GET,GET /mod/quiz/view.php?id=63,CatchResponseError('Quiz view quá chậm: 10066 ms'),1,2026-05-12T04:45:12Z,2026-05-12T04:45:12Z
GET,GET /mod/quiz/view.php?id=63,CatchResponseError('Quiz view quá chậm: 3014 ms'),1,2026-05-12T04:45:38Z,2026-05-12T04:45:38Z
GET,GET /mod/quiz/view.php?id=63,CatchResponseError('Quiz view quá chậm: 18749 ms'),1,2026-05-12T04:44:59Z,2026-05-12T04:44:59Z
POST,POST /mod/quiz/startattempt.php,CatchResponseError('Start attempt quá chậm: 6090 ms'),1,2026-05-12T04:45:34Z,2026-05-12T04:45:34Z
GET,GET /mod/quiz/view.php?id=63,CatchResponseError('Quiz view quá chậm: 5334 ms'),1,2026-05-12T04:45:34Z,2026-05-12T04:45:34Z
POST,POST /mod/quiz/startattempt.php,CatchResponseError('Start attempt quá chậm: 9964 ms'),1,2026-05-12T04:45:31Z,2026-05-12T04:45:31Z
POST,POST /mod/quiz/startattempt.php,CatchResponseError('Start attempt quá chậm: 3543 ms'),1,2026-05-12T04:45:18Z,2026-05-12T04:45:18Z
GET,GET /mod/quiz/view.php?id=63,CatchResponseError('Quiz view quá chậm: 16441 ms'),1,2026-05-12T04:44:55Z,2026-05-12T04:44:55Z
GET,GET /mod/quiz/view.php?id=63,CatchResponseError('Quiz view quá chậm: 7074 ms'),1,2026-05-12T04:45:33Z,2026-05-12T04:45:33Z
POST,POST /mod/quiz/startattempt.php,CatchResponseError('Start attempt quá chậm: 3555 ms'),1,2026-05-12T04:45:18Z,2026-05-12T04:45:18Z
POST,POST /mod/quiz/startattempt.php,CatchResponseError('Start attempt quá chậm: 5663 ms'),1,2026-05-12T04:45:35Z,2026-05-12T04:45:35Z
GET,GET /mod/quiz/view.php?id=63,CatchResponseError('Quiz view quá chậm: 16531 ms'),1,2026-05-12T04:44:56Z,2026-05-12T04:44:56Z
POST,POST /mod/quiz/startattempt.php,CatchResponseError('Start attempt quá chậm: 18008 ms'),1,2026-05-12T04:45:02Z,2026-05-12T04:45:02Z
POST,POST /mod/quiz/startattempt.php,CatchResponseError('Start attempt quá chậm: 3995 ms'),1,2026-05-12T04:45:37Z,2026-05-12T04:45:37Z
POST,POST /mod/quiz/startattempt.php,CatchResponseError('Start attempt quá chậm: 4734 ms'),1,2026-05-12T04:45:36Z,2026-05-12T04:45:36Z
POST,POST /mod/quiz/startattempt.php,CatchResponseError('Start attempt quá chậm: 10736 ms'),1,2026-05-12T04:45:28Z,2026-05-12T04:45:28Z
POST,POST /mod/quiz/startattempt.php,CatchResponseError('Start attempt quá chậm: 3955 ms'),1,2026-05-12T04:45:36Z,2026-05-12T04:45:36Z
GET,GET /mod/quiz/view.php?id=63,CatchResponseError('Quiz view quá chậm: 27969 ms'),1,2026-05-12T04:45:11Z,2026-05-12T04:45:11Z
GET,GET /mod/quiz/view.php?id=63,CatchResponseError('Quiz view quá chậm: 28352 ms'),1,2026-05-12T04:45:11Z,2026-05-12T04:45:11Z
POST,POST /mod/quiz/startattempt.php,CatchResponseError('Start attempt quá chậm: 23317 ms'),1,2026-05-12T04:45:21Z,2026-05-12T04:45:21Z
GET,GET /mod/quiz/view.php?id=63,CatchResponseError('Quiz view quá chậm: 9469 ms'),1,2026-05-12T04:44:49Z,2026-05-12T04:44:49Z
GET,GET /mod/quiz/view.php?id=63,CatchResponseError('Quiz view quá chậm: 10062 ms'),1,2026-05-12T04:44:52Z,2026-05-12T04:44:52Z
GET,GET /mod/quiz/view.php?id=63,CatchResponseError('Quiz view quá chậm: 3961 ms'),1,2026-05-12T04:45:36Z,2026-05-12T04:45:36Z
GET,GET /mod/quiz/view.php?id=63,CatchResponseError('Quiz view quá chậm: 19387 ms'),1,2026-05-12T04:45:01Z,2026-05-12T04:45:01Z
GET,GET /mod/quiz/view.php?id=63,CatchResponseError('Quiz view quá chậm: 8130 ms'),1,2026-05-12T04:45:32Z,2026-05-12T04:45:32Z
GET,GET /mod/quiz/view.php?id=63,CatchResponseError('Quiz view quá chậm: 8053 ms'),1,2026-05-12T04:45:32Z,2026-05-12T04:45:32Z
GET,GET /mod/quiz/view.php?id=63,CatchResponseError('Quiz view quá chậm: 3189 ms'),1,2026-05-12T04:45:37Z,2026-05-12T04:45:37Z
GET,GET /mod/quiz/view.php?id=63,CatchResponseError('Quiz view quá chậm: 4476 ms'),1,2026-05-12T04:45:36Z,2026-05-12T04:45:36Z
GET,GET /mod/quiz/view.php?id=63,CatchResponseError('Quiz view quá chậm: 19081 ms'),1,2026-05-12T04:45:00Z,2026-05-12T04:45:00Z
GET,GET /mod/quiz/view.php?id=63,CatchResponseError('Quiz view quá chậm: 7087 ms'),1,2026-05-12T04:45:33Z,2026-05-12T04:45:33Z
GET,GET /mod/quiz/view.php?id=63,CatchResponseError('Quiz view quá chậm: 7009 ms'),1,2026-05-12T04:45:33Z,2026-05-12T04:45:33Z
GET,GET /mod/quiz/view.php?id=63,CatchResponseError('Quiz view quá chậm: 9927 ms'),1,2026-05-12T04:44:50Z,2026-05-12T04:44:50Z
POST,POST /mod/quiz/startattempt.php,CatchResponseError('Start attempt quá chậm: 9713 ms'),1,2026-05-12T04:45:30Z,2026-05-12T04:45:30Z
POST,POST /mod/quiz/startattempt.php,CatchResponseError('Start attempt quá chậm: 7527 ms'),1,2026-05-12T04:45:32Z,2026-05-12T04:45:32Z
GET,GET /mod/quiz/view.php?id=63,CatchResponseError('Quiz view quá chậm: 7325 ms'),1,2026-05-12T04:45:33Z,2026-05-12T04:45:33Z
GET,GET /mod/quiz/view.php?id=63,CatchResponseError('Quiz view quá chậm: 9959 ms'),1,2026-05-12T04:45:29Z,2026-05-12T04:45:29Z
GET,GET /mod/quiz/view.php?id=63,CatchResponseError('Quiz view quá chậm: 17728 ms'),1,2026-05-12T04:44:57Z,2026-05-12T04:44:57Z
POST,POST /mod/quiz/startattempt.php,CatchResponseError('Start attempt quá chậm: 8606 ms'),1,2026-05-12T04:45:32Z,2026-05-12T04:45:32Z
GET,GET /mod/quiz/view.php?id=63,CatchResponseError('Quiz view quá chậm: 17482 ms'),1,2026-05-12T04:44:57Z,2026-05-12T04:44:57Z
POST,POST /mod/quiz/startattempt.php,CatchResponseError('Start attempt quá chậm: 7747 ms'),1,2026-05-12T04:45:16Z,2026-05-12T04:45:16Z
POST,POST /mod/quiz/startattempt.php,CatchResponseError('Start attempt quá chậm: 8913 ms'),1,2026-05-12T04:45:14Z,2026-05-12T04:45:14Z
POST,POST /mod/quiz/startattempt.php,CatchResponseError('Start attempt quá chậm: 4947 ms'),1,2026-05-12T04:44:57Z,2026-05-12T04:44:57Z
GET,GET /mod/quiz/view.php?id=63,CatchResponseError('Quiz view quá chậm: 26119 ms'),1,2026-05-12T04:45:06Z,2026-05-12T04:45:06Z
