Timestamp,User Count,Type,Name,Requests/s,Failures/s,50%,66%,75%,80%,90%,95%,98%,99%,99.9%,99.99%,100%,Total Request Count,Total Failure Count,Total Median Response Time,Total Average Response Time,Total Min Response Time,Total Max Response Time,Total Average Content Size
1778939001,0,,Aggregated,0.000000,0.000000,N/A,N/A,N/A,N/A,N/A,N/A,N/A,N/A,N/A,N/A,N/A,0,0,0,0.0,0,0,0
1778939002,2,,Aggregated,0.000000,0.000000,N/A,N/A,N/A,N/A,N/A,N/A,N/A,N/A,N/A,N/A,N/A,0,0,0,0.0,0,0,0
1778939003,5,,Aggregated,0.000000,0.000000,1000,1000,1400,1400,1400,1400,1400,1400,1400,1400,1400,3,0,1000,1097.1045666374266,905.4012999404222,1357.667800039053,123608.0
1778939004,5,,Aggregated,0.000000,0.000000,1300,1400,1400,1400,1400,1400,1400,1400,1400,1400,1400,8,0,1000,1151.7682624835288,783.8908999692649,1435.6434000656009,201798.75
1778939005,5,,Aggregated,1.000000,0.000000,1100,1300,1400,1400,1400,1500,1500,1500,1500,1500,1500,12,0,1000,1104.54255832398,711.2794000422582,1497.257799957879,224587.83333333334
1778939006,5,,Aggregated,1.000000,0.000000,1100,1200,1400,1400,1500,1500,1500,1500,1500,1500,1500,18,0,1000,1074.4493111010847,632.828600006178,1505.0089000724256,239678.22222222222
1778939007,5,,Aggregated,2.250000,0.000000,1100,1200,1400,1400,1500,1500,1500,1500,1500,1500,1500,19,0,1100,1078.479099988104,632.828600006178,1505.0089000724256,240888.2105263158
1778939008,5,,Aggregated,2.250000,0.000000,1100,1200,1400,1400,1500,1500,1500,1500,1500,1500,1500,20,0,1100,1086.6996249882504,632.828600006178,1505.0089000724256,241977.2
1778939009,5,,Aggregated,2.250000,0.000000,1100,1200,1400,1400,1500,1500,1500,1500,1500,1500,1500,20,0,1100,1086.6996249882504,632.828600006178,1505.0089000724256,241977.2
1778939010,5,,Aggregated,2.857143,0.000000,1100,1200,1300,1400,1400,1500,1500,1500,1500,1500,1500,22,0,1100,1073.0475454421883,632.828600006178,1505.0089000724256,242662.54545454544
1778939011,5,,Aggregated,2.500000,0.000000,1100,1200,1200,1400,1400,1500,1500,1500,1500,1500,1500,25,0,1100,1054.3157359864563,632.828600006178,1505.0089000724256,244537.04
1778939012,5,,Aggregated,2.222222,0.000000,1000,1100,1200,1300,1400,1500,1500,1500,1500,1500,1500,28,0,1000,1029.731553563449,549.1429000394419,1505.0089000724256,245540.17857142858
1778939013,5,,Aggregated,2.300000,0.000000,1100,1200,1200,1300,1400,1500,1500,1500,1500,1500,1500,30,0,1000,1040.956699991754,549.1429000394419,1505.0089000724256,246681.96666666667
1778939014,5,,Aggregated,2.300000,0.000000,1100,1200,1200,1300,1400,1500,1500,1500,1500,1500,1500,30,0,1000,1040.956699991754,549.1429000394419,1505.0089000724256,246681.96666666667
1778939015,5,,Aggregated,2.600000,0.000000,1000,1200,1200,1200,1400,1500,1500,1500,1500,1500,1500,31,0,1000,1029.8139096665827,549.1429000394419,1505.0089000724256,246773.38709677418
1778939016,5,,Aggregated,2.700000,0.000000,1000,1200,1200,1200,1400,1500,1500,1500,1500,1500,1500,34,0,1000,1016.6871441076236,549.1429000394419,1505.0089000724256,247402.17647058822
1778939017,5,,Aggregated,2.100000,0.000000,1000,1100,1200,1200,1400,1500,1500,1500,1500,1500,1500,36,0,980,1005.7975222104384,549.1429000394419,1505.0089000724256,247884.91666666666
1778939018,5,,Aggregated,2.100000,0.000000,1000,1100,1200,1200,1400,1500,1500,1500,1500,1500,1500,39,0,1000,1010.1271769097552,549.1429000394419,1505.0089000724256,248684.79487179487
1778939019,5,,Aggregated,1.800000,0.000000,1000,1100,1200,1200,1400,1500,1500,1500,1500,1500,1500,40,0,980,1009.4720524852164,549.1429000394419,1505.0089000724256,249034.35
1778939020,5,,Aggregated,1.900000,0.000000,980,1100,1200,1200,1400,1400,1500,1500,1500,1500,1500,41,0,980,1005.5705170607104,549.1429000394419,1505.0089000724256,249046.0975609756
1778939021,5,,Aggregated,2.000000,0.000000,980,1100,1200,1200,1400,1400,1500,1500,1500,1500,1500,44,0,960,990.1091272609351,549.1429000394419,1505.0089000724256,249377.02272727274
1778939022,5,,Aggregated,2.000000,0.000000,980,1100,1200,1200,1400,1400,1500,1500,1500,1500,1500,46,0,960,993.4095521634647,549.1429000394419,1505.0089000724256,249954.84782608695
1778939023,5,,Aggregated,1.900000,0.000000,960,1100,1200,1200,1400,1400,1500,1500,1500,1500,1500,48,0,920,986.9455854059197,549.1429000394419,1505.0089000724256,249936.5625
1778939024,5,,Aggregated,1.900000,0.000000,980,1100,1200,1200,1400,1400,1500,1500,1500,1500,1500,50,0,960,991.4366919896565,549.1429000394419,1505.0089000724256,250445.78
1778939025,5,,Aggregated,1.900000,0.000000,960,1100,1200,1200,1300,1400,1500,1500,1500,1500,1500,51,0,960,984.8817215602406,549.1429000394419,1505.0089000724256,250427.54901960783
1778939026,5,,Aggregated,1.800000,0.000000,960,1100,1200,1200,1300,1400,1500,1500,1500,1500,1500,53,0,960,989.4787339550742,549.1429000394419,1505.0089000724256,250641.28301886792
1778939027,5,,Aggregated,2.100000,0.000000,960,1100,1200,1200,1300,1400,1500,1500,1500,1500,1500,56,0,950,990.1200517779216,549.1429000394419,1505.0089000724256,250815.8392857143
1778939028,5,,Aggregated,2.000000,0.000000,980,1100,1200,1200,1300,1400,1500,1500,1500,1500,1500,58,0,960,997.848063785631,549.1429000394419,1505.0089000724256,251224.5
1778939029,5,,Aggregated,1.900000,0.000000,960,1100,1200,1200,1300,1400,1500,1500,1500,1500,1500,59,0,960,995.292327110261,549.1429000394419,1505.0089000724256,251195.54237288135
1778939030,5,,Aggregated,1.800000,0.000000,980,1100,1200,1200,1300,1400,1500,1500,1500,1500,1500,60,0,960,995.3669066599105,549.1429000394419,1505.0089000724256,251386.73333333334
1778939031,5,,Aggregated,1.800000,0.000000,980,1100,1200,1200,1300,1400,1500,1500,1500,1500,1500,61,0,980,996.3156393381813,549.1429000394419,1505.0089000724256,251356.0655737705
1778939032,5,,Aggregated,1.900000,0.000000,980,1100,1200,1200,1300,1400,1500,1500,1500,1500,1500,62,0,980,998.4376870918147,549.1429000394419,1505.0089000724256,251538.5
1778939033,5,,Aggregated,1.800000,0.000000,980,1100,1200,1200,1300,1400,1500,1500,1500,1500,1500,65,0,980,992.377009223072,549.1429000394419,1505.0089000724256,251445.15384615384
1778939034,5,,Aggregated,1.600000,0.000000,1000,1100,1200,1200,1300,1400,1500,1500,1500,1500,1500,69,0,1000,1000.7467246310705,549.1429000394419,1505.0089000724256,251905.10144927536
1778939035,5,,Aggregated,1.600000,0.000000,1000,1100,1200,1200,1300,1400,1500,1500,1500,1500,1500,70,0,1000,1001.6667699923606,549.1429000394419,1505.0089000724256,252058.84285714285
1778939036,5,,Aggregated,1.600000,0.000000,1000,1100,1200,1200,1300,1400,1500,1500,1500,1500,1500,70,0,1000,1001.6667699923606,549.1429000394419,1505.0089000724256,252058.84285714285
1778939037,5,,Aggregated,1.800000,0.000000,1000,1100,1200,1200,1300,1400,1500,1500,1500,1500,1500,71,0,1000,999.9351929496108,549.1429000394419,1505.0089000724256,252023.02816901408
1778939038,5,,Aggregated,1.900000,0.000000,1000,1100,1200,1200,1300,1400,1500,1500,1500,1500,1500,73,0,1000,1000.2569876633559,549.1429000394419,1505.0089000724256,252134.49315068492
1778939039,5,,Aggregated,1.600000,0.000000,990,1100,1200,1200,1300,1400,1500,1500,1500,1500,1500,77,0,990,991.194451939883,546.9707000302151,1505.0089000724256,252169.25974025973
1778939040,5,,Aggregated,1.500000,0.000000,1000,1100,1200,1200,1300,1400,1500,1500,1500,1500,1500,80,0,990,989.8674724914599,546.9707000302151,1505.0089000724256,252562.925
1778939041,5,,Aggregated,1.500000,0.000000,1000,1100,1200,1200,1300,1400,1500,1500,1500,1500,1500,80,0,990,989.8674724914599,546.9707000302151,1505.0089000724256,252562.925
1778939042,5,,Aggregated,1.900000,0.000000,1000,1100,1200,1200,1300,1400,1500,1500,1500,1500,1500,82,0,990,986.7907829182336,546.9707000302151,1505.0089000724256,252488.60975609755
1778939043,5,,Aggregated,1.900000,0.000000,990,1100,1200,1200,1300,1400,1500,1500,1500,1500,1500,83,0,990,984.5805879435446,546.9707000302151,1505.0089000724256,252611.2409638554
1778939044,5,,Aggregated,2.000000,0.000000,990,1100,1200,1200,1300,1400,1500,1500,1500,1500,1500,85,0,990,986.9121799916577,546.9707000302151,1505.0089000724256,252693.1294117647
1778939045,5,,Aggregated,2.100000,0.000000,990,1100,1200,1200,1300,1400,1500,1500,1500,1500,1500,88,0,980,983.899029539316,546.9707000302151,1505.0089000724256,252734.26136363635
1778939046,5,,Aggregated,2.000000,0.000000,990,1100,1200,1200,1300,1400,1500,1500,1500,1500,1500,89,0,990,987.5927763988442,546.9707000302151,1505.0089000724256,252845.8651685393
1778939047,5,,Aggregated,1.700000,0.000000,990,1100,1200,1200,1300,1400,1500,1500,1500,1500,1500,92,0,980,985.0827630384035,546.9707000302151,1505.0089000724256,252880.22826086957
1778939048,5,,Aggregated,1.800000,0.000000,990,1100,1200,1200,1300,1400,1500,1500,1500,1500,1500,95,0,990,986.503112626164,546.9707000302151,1505.0089000724256,253050.85263157895
1778939049,5,,Aggregated,2.100000,0.000000,1000,1100,1200,1200,1300,1400,1500,1500,1500,1500,1500,96,0,990,986.6249624938064,546.9707000302151,1505.0089000724256,253151.02083333334
1778939050,5,,Aggregated,2.100000,0.000000,1000,1100,1200,1200,1300,1400,1500,1500,1500,1500,1500,96,0,990,986.6249624938064,546.9707000302151,1505.0089000724256,253151.02083333334
1778939051,5,,Aggregated,2.000000,0.000000,980,1100,1200,1200,1300,1400,1500,1500,1500,1500,1500,99,0,980,981.0367323178327,546.9707000302151,1505.0089000724256,253040.8686868687
1778939052,5,,Aggregated,1.800000,0.000000,1000,1100,1200,1200,1300,1300,1400,1500,1500,1500,1500,102,0,990,986.8079578382985,546.9707000302151,1505.0089000724256,253323.99019607843
1778939053,5,,Aggregated,1.700000,0.000000,1000,1100,1200,1200,1300,1300,1400,1500,1500,1500,1500,103,0,1000,987.0711087330598,546.9707000302151,1505.0089000724256,253287.01941747573
1778939054,5,,Aggregated,1.900000,0.000000,1000,1100,1200,1200,1300,1300,1400,1500,1500,1500,1500,105,0,1000,988.6975457104633,546.9707000302151,1505.0089000724256,253340.4380952381
1778939055,5,,Aggregated,1.900000,0.000000,1000,1100,1200,1200,1300,1300,1400,1500,1500,1500,1500,105,0,1000,988.6975457104633,546.9707000302151,1505.0089000724256,253340.4380952381
1778939056,5,,Aggregated,1.900000,0.000000,1000,1100,1200,1200,1300,1300,1400,1500,1500,1500,1500,107,0,1000,989.8420822399747,546.9707000302151,1505.0089000724256,253391.8598130841
1778939057,5,,Aggregated,1.900000,0.000000,1000,1100,1200,1200,1300,1300,1400,1500,1500,1500,1500,110,0,990,987.4974509066141,546.9707000302151,1505.0089000724256,253405.70909090908
1778939058,5,,Aggregated,1.900000,0.000000,1000,1100,1200,1200,1300,1300,1400,1500,1500,1500,1500,113,0,1000,988.2479336254909,546.9707000302151,1505.0089000724256,253535.203539823
1778939059,5,,Aggregated,1.700000,0.000000,1000,1100,1200,1200,1300,1300,1400,1500,1500,1500,1500,114,0,1000,989.3457780677924,546.9707000302151,1505.0089000724256,253615.30701754385
1778939060,5,,Aggregated,1.700000,0.000000,1000,1100,1200,1200,1300,1300,1400,1500,1500,1500,1500,115,0,1000,987.1861130414206,546.9707000302151,1505.0089000724256,253579.6608695652
1778939061,5,,Aggregated,1.800000,0.000000,1000,1100,1200,1200,1300,1300,1400,1500,1500,1500,1500,118,0,1000,986.5171635578687,546.9707000302151,1505.0089000724256,253587.7966101695
1778939062,15,,Aggregated,1.800000,0.000000,1000,1100,1200,1200,1300,1300,1400,1500,1500,1500,1500,122,0,1000,988.8505114750081,546.9707000302151,1505.0089000724256,252637.8524590164
1778939063,20,,Aggregated,1.800000,0.000000,1000,1100,1200,1200,1300,1300,1400,1500,1500,1500,1500,128,0,1000,996.6489304688366,546.9707000302151,1505.0089000724256,247675.9765625
1778939064,20,,Aggregated,1.900000,0.000000,1000,1100,1200,1200,1300,1400,1500,1500,1600,1600,1600,139,0,1000,1008.9923964031108,546.9707000302151,1597.2742000594735,247169.56115107914
1778939065,20,,Aggregated,2.400000,0.000000,1000,1200,1200,1200,1300,1400,1500,1500,1600,1600,1600,154,0,1000,1027.4267837687928,546.9707000302151,1597.2742000594735,246077.4025974026
1778939066,20,,Aggregated,3.100000,0.000000,1000,1200,1200,1200,1300,1400,1500,1500,1600,1600,1600,171,0,1000,1034.7765415235647,546.9707000302151,1597.2742000594735,249295.9298245614
1778939067,20,,Aggregated,4.100000,0.000000,1000,1200,1200,1200,1300,1400,1500,1500,1600,1600,1600,183,0,1000,1025.939432792162,546.9707000302151,1597.2742000594735,249669.6994535519
1778939068,20,,Aggregated,5.100000,0.000000,1000,1100,1200,1200,1300,1400,1500,1500,1600,1600,1600,191,0,1000,1024.6501581210653,546.9707000302151,1597.2742000594735,250145.26178010472
1778939069,20,,Aggregated,6.700000,0.000000,1000,1100,1200,1200,1300,1400,1500,1500,1600,1600,1600,192,0,1000,1024.4169880267389,546.9707000302151,1597.2742000594735,250210.47916666666
1778939070,20,,Aggregated,7.600000,0.000000,1000,1100,1200,1200,1300,1400,1500,1500,1600,1600,1600,198,0,1000,1017.9066596020041,535.4007000569254,1597.2742000594735,250189.43434343435
1778939071,20,,Aggregated,7.800000,0.000000,1000,1100,1200,1200,1300,1400,1500,1500,1600,1600,1600,211,0,1000,1012.6562606685649,535.4007000569254,1597.2742000594735,250521.90521327013
1778939072,20,,Aggregated,8.100000,0.000000,1000,1100,1200,1200,1300,1400,1500,1500,1600,1600,1600,222,0,1000,1009.7643599152221,535.4007000569254,1597.2742000594735,250886.73423423423
1778939073,20,,Aggregated,8.400000,0.000000,1000,1100,1200,1200,1300,1400,1500,1500,1600,1600,1600,228,0,1000,1008.2205403560421,535.4007000569254,1597.2742000594735,251081.38157894736
1778939074,20,,Aggregated,9.500000,0.000000,1000,1100,1200,1200,1300,1400,1500,1500,1600,1600,1600,232,0,1000,1006.367490953537,535.4007000569254,1597.2742000594735,251167.7629310345
1778939075,20,,Aggregated,9.800000,0.000000,1000,1100,1200,1200,1300,1400,1500,1500,1600,1600,1600,239,0,1000,1000.9607665326494,535.4007000569254,1597.2742000594735,251229.43514644352
1778939076,20,,Aggregated,9.500000,0.000000,1000,1100,1200,1200,1300,1400,1500,1500,1600,1600,1600,249,0,1000,996.8789791212376,535.4007000569254,1597.2742000594735,251424.6987951807
1778939077,20,,Aggregated,8.600000,0.000000,1000,1100,1200,1200,1300,1400,1400,1500,1600,1600,1600,259,0,1000,993.6212494256492,535.4007000569254,1597.2742000594735,251604.88416988417
1778939078,20,,Aggregated,8.300000,0.000000,1000,1100,1200,1200,1300,1400,1400,1500,1600,1600,1600,266,0,1000,993.760225567459,535.4007000569254,1597.2742000594735,251797.1127819549
1778939079,20,,Aggregated,7.500000,0.000000,1000,1100,1200,1200,1300,1400,1400,1500,1600,1600,1600,270,0,1000,993.6837833366116,535.4007000569254,1597.2742000594735,251860.73333333334
1778939080,20,,Aggregated,7.500000,0.000000,1000,1100,1200,1200,1300,1400,1400,1500,1600,1600,1600,277,0,1000,992.6903104718056,535.4007000569254,1597.2742000594735,251896.4332129964
1778939081,20,,Aggregated,7.600000,0.000000,1000,1100,1200,1200,1300,1400,1400,1500,1600,1600,1600,281,0,1000,991.9154733117815,535.4007000569254,1597.2742000594735,252002.95017793594
1778939082,20,,Aggregated,7.600000,0.000000,1000,1100,1200,1200,1300,1400,1400,1500,1600,1600,1600,289,0,1000,989.5333771647847,532.8007999341935,1597.2742000594735,252070.62283737023
1778939083,20,,Aggregated,8.000000,0.000000,1000,1100,1200,1200,1300,1300,1400,1500,1600,1600,1600,302,0,1000,986.6543698694329,532.8007999341935,1597.2742000594735,252221.93377483444
1778939084,20,,Aggregated,7.000000,0.000000,1000,1100,1200,1200,1300,1300,1400,1500,1600,1600,1600,307,0,1000,989.654216939638,532.8007999341935,1597.2742000594735,252349.21172638435
1778939085,20,,Aggregated,6.800000,0.000000,1000,1100,1200,1200,1300,1300,1400,1500,1600,1600,1600,314,0,1000,988.9300901284827,532.8007999341935,1597.2742000594735,252411.6974522293
1778939086,20,,Aggregated,7.300000,0.000000,1000,1100,1200,1200,1300,1300,1400,1500,1600,1600,1600,319,0,1000,988.2903206906628,532.8007999341935,1597.2742000594735,252531.2131661442
1778939087,20,,Aggregated,7.800000,0.000000,990,1100,1100,1200,1300,1300,1400,1500,1600,1600,1600,327,0,990,983.8579021410629,532.8007999341935,1597.2742000594735,252497.6636085627
1778939088,20,,Aggregated,7.600000,0.000000,1000,1100,1100,1200,1300,1300,1400,1500,1600,1600,1600,338,0,990,984.2598307702123,532.8007999341935,1597.2742000594735,252672.9852071006
1778939089,20,,Aggregated,7.300000,0.000000,1000,1100,1100,1200,1300,1300,1400,1500,1600,1600,1600,346,0,1000,984.8932075160125,532.8007999341935,1597.2742000594735,252752.0260115607
1778939090,20,,Aggregated,6.800000,0.000000,1000,1100,1100,1200,1300,1300,1400,1500,1600,1600,1600,351,0,1000,985.4976333352071,532.8007999341935,1597.2742000594735,252855.7977207977
1778939091,20,,Aggregated,7.100000,0.000000,1000,1100,1100,1200,1300,1300,1400,1500,1600,1600,1600,357,0,1000,984.5190145674029,532.8007999341935,1597.2742000594735,252836.50420168068
1778939092,20,,Aggregated,7.500000,0.000000,1000,1100,1100,1200,1300,1300,1400,1500,1600,1600,1600,365,0,1000,986.3688684942532,532.8007999341935,1597.2742000594735,252907.84657534247
1778939093,20,,Aggregated,7.500000,0.000000,1000,1100,1100,1200,1300,1300,1400,1500,1600,1600,1600,375,0,1000,985.7589234672487,532.8007999341935,1597.2742000594735,252992.744
1778939094,20,,Aggregated,7.600000,0.000000,1000,1100,1100,1200,1300,1300,1400,1500,1600,1600,1600,379,0,1000,986.1440250667249,532.8007999341935,1597.2742000594735,253025.44854881265
1778939095,20,,Aggregated,7.400000,0.000000,1000,1100,1200,1200,1300,1300,1400,1500,1600,1600,1600,387,0,1000,988.7318777787386,532.8007999341935,1597.2742000594735,253122.81136950906
1778939096,20,,Aggregated,7.400000,0.000000,1000,1100,1200,1200,1300,1300,1400,1500,1600,1600,1600,395,0,1000,988.9160658244657,532.8007999341935,1597.2742000594735,253149.6430379747
1778939097,20,,Aggregated,7.300000,0.000000,1000,1100,1200,1200,1300,1300,1400,1500,1600,1600,1600,403,0,1000,990.3820848656314,532.8007999341935,1597.2742000594735,253240.67493796526
1778939098,20,,Aggregated,7.100000,0.000000,1000,1100,1200,1200,1300,1300,1400,1500,1600,1600,1600,405,0,1000,990.0524081498453,532.8007999341935,1597.2742000594735,253222.28148148148
1778939099,20,,Aggregated,7.300000,0.000000,1000,1100,1200,1200,1300,1300,1400,1500,1600,1600,1600,412,0,1000,993.2513864093813,532.8007999341935,1597.2742000594735,253318.91019417476
1778939100,20,,Aggregated,7.500000,0.000000,1000,1100,1200,1200,1300,1300,1400,1500,1700,1700,1700,421,0,1000,997.4956886006095,532.8007999341935,1687.343699974008,253300.08788598576
1778939101,20,,Aggregated,7.200000,0.000000,1000,1100,1200,1200,1300,1300,1400,1500,1700,1700,1700,430,0,1000,1000.7457969786036,532.8007999341935,1687.343699974008,253404.38837209303
1778939102,20,,Aggregated,7.000000,0.000000,1000,1100,1200,1200,1300,1400,1400,1500,1700,1700,1700,437,0,1000,1005.6219871874656,532.8007999341935,1687.343699974008,253432.38443935927
1778939103,20,,Aggregated,6.700000,0.000000,1000,1100,1200,1200,1300,1400,1500,1500,1700,1700,1700,440,0,1000,1008.3794277296296,532.8007999341935,1687.343699974008,253435.57045454546
1778939104,20,,Aggregated,7.100000,0.000000,1000,1100,1200,1200,1300,1400,1500,1600,1800,1800,1800,446,0,1000,1015.1282049352178,532.8007999341935,1753.6100000143051,253500.7869955157
1778939105,20,,Aggregated,7.100000,0.000000,1000,1100,1200,1200,1300,1400,1500,1600,1800,1800,1800,453,0,1000,1021.3512286999228,532.8007999341935,1753.6100000143051,253555.33554083886
1778939106,20,,Aggregated,6.600000,0.000000,1000,1100,1200,1200,1300,1400,1500,1600,1800,1800,1800,460,0,1000,1022.8608406543651,532.8007999341935,1753.6100000143051,253551.04565217393
1778939107,20,,Aggregated,6.400000,0.000000,1000,1100,1200,1200,1300,1400,1500,1600,1800,1800,1800,469,0,1000,1026.3991933924133,532.8007999341935,1753.6100000143051,253641.85714285713
1778939108,20,,Aggregated,6.900000,0.000000,1000,1100,1200,1200,1300,1400,1500,1600,1800,1800,1800,474,0,1000,1027.079112871495,532.8007999341935,1753.6100000143051,253681.56962025317
1778939109,20,,Aggregated,6.700000,0.000000,1000,1100,1200,1200,1300,1400,1500,1600,1800,1800,1800,481,0,1000,1028.062178172208,532.8007999341935,1753.6100000143051,253648.288981289
1778939110,20,,Aggregated,6.500000,0.000000,1000,1100,1200,1200,1300,1400,1500,1600,1800,1800,1800,489,0,1000,1029.5518134986783,532.8007999341935,1753.6100000143051,253742.04703476484
1778939111,20,,Aggregated,6.400000,0.000000,1000,1100,1200,1200,1300,1400,1500,1600,1800,1800,1800,496,0,1000,1028.2805685504084,532.8007999341935,1753.6100000143051,253761.94758064515
1778939112,20,,Aggregated,6.700000,0.000000,1000,1100,1200,1200,1300,1400,1500,1600,1800,1800,1800,504,0,1000,1027.6719281765897,532.8007999341935,1753.6100000143051,253798.92460317462
1778939113,20,,Aggregated,7.100000,0.000000,1000,1100,1200,1200,1300,1400,1500,1600,1800,1800,1800,511,0,1000,1027.5730962836349,532.8007999341935,1753.6100000143051,253843.19765166342
1778939114,20,,Aggregated,6.800000,0.000000,1000,1100,1200,1200,1300,1400,1500,1600,1800,1800,1800,519,0,1000,1025.1172986529814,532.8007999341935,1753.6100000143051,253852.51445086705
1778939115,20,,Aggregated,6.900000,0.000000,1000,1100,1200,1200,1300,1400,1500,1600,1800,1800,1800,526,0,1000,1023.1907039944051,532.8007999341935,1753.6100000143051,253894.81178707225
1778939116,20,,Aggregated,7.000000,0.000000,1000,1100,1200,1200,1300,1400,1500,1600,1800,1800,1800,533,0,1000,1021.2059138859508,532.8007999341935,1753.6100000143051,253911.32457786117
1778939117,20,,Aggregated,7.300000,0.000000,1000,1100,1200,1200,1300,1400,1500,1600,1800,1800,1800,541,0,1000,1020.713795566081,532.8007999341935,1753.6100000143051,253967.87245841036
1778939118,20,,Aggregated,7.200000,0.000000,1000,1100,1200,1200,1300,1400,1500,1600,1800,1800,1800,547,0,1000,1019.6423877534581,532.8007999341935,1753.6100000143051,253991.1663619744
1778939119,20,,Aggregated,7.100000,0.000000,1000,1100,1200,1200,1300,1400,1500,1600,1800,1800,1800,555,0,1000,1018.1250603626239,532.8007999341935,1753.6100000143051,253997.74594594594
1778939120,20,,Aggregated,7.400000,0.000000,1000,1100,1200,1200,1300,1400,1500,1600,1800,1800,1800,564,0,1000,1015.8936836897537,532.8007999341935,1753.6100000143051,254019.49822695035
1778939121,20,,Aggregated,7.300000,0.000000,1000,1100,1200,1200,1300,1400,1500,1600,1800,1800,1800,573,0,1000,1015.4043158833637,532.8007999341935,1753.6100000143051,254109.42059336824
1778939122,30,,Aggregated,7.300000,0.000000,1000,1100,1200,1200,1300,1400,1500,1600,1800,1800,1800,577,0,1000,1014.4283421163284,532.8007999341935,1753.6100000143051,254100.3691507799
1778939123,50,,Aggregated,7.400000,0.000000,1000,1100,1200,1200,1300,1400,1500,1600,1800,1800,1800,592,0,1000,1021.4813295627922,532.8007999341935,1753.6100000143051,251924.0304054054
1778939124,50,,Aggregated,7.500000,0.000000,1000,1100,1200,1200,1300,1400,1500,1600,1900,1900,1900,603,0,1000,1026.4966364858817,532.8007999341935,1867.4788000062108,251131.86235489222
1778939125,50,,Aggregated,7.500000,0.000000,1000,1100,1200,1200,1400,1500,1900,2200,2400,2400,2400,623,0,1000,1054.7151910131768,532.8007999341935,2428.291500080377,250147.22632423756
1778939126,50,,Aggregated,8.300000,0.000000,1000,1200,1200,1300,1400,1600,2200,2400,3000,3000,3000,636,0,1000,1078.7549487442516,532.8007999341935,2979.402800090611,250012.50157232705
1778939127,50,,Aggregated,9.000000,0.000000,1000,1200,1200,1300,1500,2000,2500,3000,3700,3700,3700,657,0,1000,1118.2564878255084,532.8007999341935,3702.84859999083,250236.09741248097
1778939128,50,,Aggregated,9.800000,0.000000,1100,1200,1300,1300,1600,2200,2900,3100,3700,3700,3700,678,0,1100,1158.6432106213254,532.8007999341935,3702.84859999083,250773.25368731562
1778939129,50,,Aggregated,11.200000,0.000000,1100,1200,1300,1300,1900,2500,3100,3300,4200,4200,4200,697,0,1100,1198.0375087537057,532.8007999341935,4173.924200003967,251563.24533715926
1778939130,50,,Aggregated,11.600000,0.000000,1100,1200,1300,1400,2000,2500,3100,3300,4300,4300,4300,718,0,1100,1221.1648788316757,532.8007999341935,4347.284199902788,252013.34540389973
1778939131,50,,Aggregated,13.700000,0.000000,1100,1200,1300,1400,2000,2500,3100,3300,4300,4300,4300,737,0,1100,1229.8948846689805,532.8007999341935,4347.284199902788,252163.10176390773
1778939132,50,,Aggregated,14.600000,0.000000,1100,1200,1300,1400,2000,2500,3100,3300,4300,4300,4300,749,0,1100,1232.030062885266,532.8007999341935,4347.284199902788,252261.1642189586
1778939133,50,,Aggregated,15.700000,0.000000,1100,1200,1300,1400,2000,2500,3000,3300,4300,4300,4300,771,0,1100,1231.3440857340681,532.8007999341935,4347.284199902788,252302.23605706875
1778939134,50,,Aggregated,16.500000,0.000000,1100,1200,1300,1400,2000,2400,3000,3300,4300,4300,4300,784,0,1100,1230.481213649167,532.8007999341935,4347.284199902788,252373.45535714287
1778939135,50,,Aggregated,17.500000,0.000000,1100,1200,1300,1400,2000,2400,3000,3300,4300,4300,4300,808,0,1100,1229.5051867588675,532.8007999341935,4347.284199902788,252500.1683168317
1778939136,50,,Aggregated,17.700000,0.000000,1100,1200,1300,1400,2000,2400,3000,3300,4300,4300,4300,823,0,1100,1227.119714704049,532.8007999341935,4347.284199902788,252573.61360874848
1778939137,50,,Aggregated,18.100000,0.000000,1100,1200,1300,1400,1900,2400,3000,3300,4300,4300,4300,841,0,1100,1223.9613487530837,532.8007999341935,4347.284199902788,252648.90725326992
1778939138,50,,Aggregated,18.400000,0.000000,1100,1200,1300,1400,1900,2400,3000,3300,4300,4300,4300,859,0,1100,1220.7036086166227,532.8007999341935,4347.284199902788,252751.66472642607
1778939139,50,,Aggregated,18.400000,0.000000,1100,1200,1300,1400,1900,2400,3000,3300,4300,4300,4300,875,0,1100,1215.91607691627,532.8007999341935,4347.284199902788,252767.64685714286
1778939140,50,,Aggregated,18.700000,0.000000,1100,1200,1300,1400,1900,2400,3000,3300,4300,4300,4300,895,0,1100,1214.4490849177284,532.8007999341935,4347.284199902788,252871.31061452514
1778939141,50,,Aggregated,18.100000,0.000000,1100,1200,1300,1400,1900,2300,3000,3200,4300,4300,4300,910,0,1100,1212.0618301114978,532.8007999341935,4347.284199902788,252931.6164835165
1778939142,50,,Aggregated,17.600000,0.000000,1100,1200,1300,1400,1900,2300,3000,3200,4300,4300,4300,929,0,1100,1208.1054024769503,532.8007999341935,4347.284199902788,252946.69644779334
1778939143,50,,Aggregated,17.200000,0.000000,1100,1200,1300,1400,1800,2300,3000,3200,4300,4300,4300,945,0,1100,1205.7083138633056,532.8007999341935,4347.284199902788,253069.52380952382
1778939144,50,,Aggregated,17.500000,0.000000,1100,1200,1300,1400,1800,2300,3000,3200,4300,4300,4300,961,0,1100,1202.4314533825818,532.8007999341935,4347.284199902788,253078.78355879293
1778939145,50,,Aggregated,17.900000,0.000000,1100,1200,1300,1400,1800,2300,3000,3200,4300,4300,4300,977,0,1100,1199.256363767366,532.8007999341935,4347.284199902788,253141.582395087
1778939146,50,,Aggregated,18.000000,0.000000,1100,1200,1300,1400,1800,2300,3000,3200,4300,4300,4300,1000,0,1100,1195.5557958006393,532.8007999341935,4347.284199902788,253189.704
1778939147,50,,Aggregated,17.300000,0.000000,1100,1200,1300,1400,1700,2300,2900,3200,4200,4300,4300,1019,0,1100,1191.7379242401173,532.8007999341935,4347.284199902788,253276.07458292443
1778939148,50,,Aggregated,16.900000,0.000000,1100,1200,1300,1300,1700,2300,2900,3200,4200,4300,4300,1039,0,1100,1186.4527993267661,532.8007999341935,4347.284199902788,253292.29740134746
1778939149,50,,Aggregated,17.300000,0.000000,1100,1200,1300,1300,1700,2200,2900,3200,4200,4300,4300,1053,0,1100,1183.0939614440201,532.8007999341935,4347.284199902788,253366.98100664766
1778939150,50,,Aggregated,17.400000,0.000000,1100,1200,1300,1300,1600,2200,2900,3200,4200,4300,4300,1073,0,1100,1178.1487945020885,532.8007999341935,4347.284199902788,253393.2516309413
1778939151,50,,Aggregated,17.700000,0.000000,1100,1200,1300,1300,1600,2200,2900,3200,4200,4300,4300,1089,0,1100,1175.2718074388993,532.8007999341935,4347.284199902788,253420.81910009182
1778939152,50,,Aggregated,18.300000,0.000000,1100,1200,1300,1300,1600,2200,2800,3100,4200,4300,4300,1107,0,1100,1172.931462782919,532.8007999341935,4347.284199902788,253499.88437217707
1778939153,50,,Aggregated,18.100000,0.000000,1100,1200,1300,1300,1600,2200,2800,3100,4200,4300,4300,1125,0,1100,1169.0337025786025,532.8007999341935,4347.284199902788,253494.5911111111
1778939154,50,,Aggregated,18.200000,0.000000,1100,1200,1300,1300,1600,2200,2800,3100,4200,4300,4300,1149,0,1100,1166.2185445612902,532.8007999341935,4347.284199902788,253571.72584856398
1778939155,50,,Aggregated,17.700000,0.000000,1100,1200,1300,1300,1600,2200,2800,3100,4200,4300,4300,1172,0,1100,1161.7378339599722,532.8007999341935,4347.284199902788,253615.56484641638
1778939156,50,,Aggregated,17.900000,0.000000,1100,1200,1300,1300,1600,2100,2800,3100,4200,4300,4300,1188,0,1100,1159.388220623631,532.8007999341935,4347.284199902788,253671.05050505052
1778939157,50,,Aggregated,19.000000,0.000000,1100,1200,1300,1300,1600,2100,2800,3100,4200,4300,4300,1203,0,1100,1157.2083613474513,532.8007999341935,4347.284199902788,253695.76475477972
1778939158,50,,Aggregated,19.300000,0.000000,1100,1200,1300,1300,1600,2100,2800,3100,4200,4300,4300,1214,0,1100,1156.3503415988532,532.8007999341935,4347.284199902788,253722.88879736408
1778939159,50,,Aggregated,19.000000,0.000000,1100,1200,1300,1300,1600,2100,2800,3100,4200,4300,4300,1230,0,1100,1155.2729573179363,532.8007999341935,4347.284199902788,253732.3162601626
1778939160,50,,Aggregated,18.500000,0.000000,1100,1200,1300,1300,1600,2100,2800,3100,4200,4300,4300,1251,0,1100,1154.9026482018473,532.8007999341935,4347.284199902788,253766.6626698641
1778939161,50,,Aggregated,17.900000,0.000000,1100,1200,1300,1300,1600,2100,2800,3100,4200,4300,4300,1273,0,1100,1154.619680047445,532.8007999341935,4347.284199902788,253837.8326787117
1778939162,50,,Aggregated,17.400000,0.000000,1100,1200,1300,1300,1600,2100,2800,3100,4200,4300,4300,1288,0,1100,1152.2341272518038,532.8007999341935,4347.284199902788,253838.55279503105
1778939163,50,,Aggregated,18.000000,0.000000,1100,1200,1300,1300,1500,2100,2800,3100,4200,4300,4300,1306,0,1100,1149.1527200616242,532.8007999341935,4347.284199902788,253879.67381317
1778939164,50,,Aggregated,18.300000,0.000000,1100,1200,1300,1300,1500,2100,2800,3100,4200,4300,4300,1320,0,1100,1147.3825359094367,532.8007999341935,4347.284199902788,253893.1696969697
1778939165,50,,Aggregated,18.200000,0.000000,1100,1200,1200,1300,1500,2100,2800,3100,4200,4300,4300,1341,0,1100,1145.716464504378,532.8007999341935,4347.284199902788,253922.69202087994
1778939166,50,,Aggregated,18.000000,0.000000,1100,1200,1200,1300,1500,2100,2800,3100,4200,4300,4300,1362,0,1100,1145.0124676946193,532.8007999341935,4347.284199902788,253960.95961820852
1778939167,50,,Aggregated,17.300000,0.000000,1100,1200,1300,1300,1500,2100,2800,3100,4200,4300,4300,1378,0,1100,1143.5512582000504,532.8007999341935,4347.284199902788,253995.24092888244
1778939168,50,,Aggregated,16.900000,0.000000,1100,1200,1200,1300,1500,2000,2800,3100,4200,4300,4300,1393,0,1100,1141.4216957643378,532.8007999341935,4347.284199902788,254041.41564967696
1778939169,50,,Aggregated,17.400000,0.000000,1100,1200,1200,1300,1500,2000,2700,3100,4200,4300,4300,1409,0,1100,1138.043499644912,532.8007999341935,4347.284199902788,254027.36124911284
1778939170,50,,Aggregated,18.000000,0.000000,1100,1200,1200,1300,1500,2000,2700,3100,4200,4300,4300,1432,0,1100,1137.6321208797422,532.8007999341935,4347.284199902788,254065.1061452514
1778939171,50,,Aggregated,17.800000,0.000000,1100,1200,1200,1300,1500,2000,2700,3100,4200,4300,4300,1452,0,1100,1136.465985812622,532.8007999341935,4347.284199902788,254102.07506887053
1778939172,50,,Aggregated,17.700000,0.000000,1100,1200,1200,1300,1500,2000,2700,3100,4200,4300,4300,1471,0,1100,1134.6073969406436,532.8007999341935,4347.284199902788,254132.24133242693
1778939173,50,,Aggregated,17.900000,0.000000,1100,1200,1200,1300,1500,2000,2700,3100,4200,4300,4300,1489,0,1100,1133.059834922577,532.8007999341935,4347.284199902788,254155.92612491606
1778939174,50,,Aggregated,17.700000,0.000000,1100,1200,1200,1300,1500,2000,2700,3000,4200,4300,4300,1506,0,1100,1132.039127622794,532.8007999341935,4347.284199902788,254173.40903054448
1778939175,50,,Aggregated,17.900000,0.000000,1100,1200,1200,1300,1500,2000,2700,3000,4200,4300,4300,1523,0,1100,1130.5141743269944,532.8007999341935,4347.284199902788,254190.50164149705
1778939176,50,,Aggregated,18.100000,0.000000,1100,1200,1200,1300,1500,2000,2700,3000,4200,4300,4300,1541,0,1100,1129.5997554185215,532.8007999341935,4347.284199902788,254195.63854639843
1778939177,50,,Aggregated,18.300000,0.000000,1100,1200,1200,1300,1500,2000,2700,3000,4200,4300,4300,1557,0,1100,1129.8823090556227,532.8007999341935,4347.284199902788,254223.5671162492
1778939178,50,,Aggregated,18.500000,0.000000,1100,1200,1200,1300,1500,2000,2700,3000,4200,4300,4300,1576,0,1100,1130.26450456823,532.8007999341935,4347.284199902788,254250.25888324872
1778939179,50,,Aggregated,17.900000,0.000000,1100,1200,1200,1300,1500,2000,2700,3000,4200,4300,4300,1592,0,1100,1131.2863964191988,532.8007999341935,4347.284199902788,254260.5031407035
1778939180,50,,Aggregated,17.700000,0.000000,1100,1200,1200,1300,1500,2000,2700,3000,4200,4300,4300,1612,0,1100,1133.118352046593,532.8007999341935,4347.284199902788,254291.37841191067
1778939181,50,,Aggregated,18.300000,0.000000,1100,1200,1200,1300,1500,2000,2700,3000,4200,4300,4300,1627,0,1100,1133.1769800854427,532.8007999341935,4347.284199902788,254328.18192993238
1778939182,50,,Aggregated,18.300000,0.000000,1100,1200,1200,1300,1500,2000,2700,3000,4200,4300,4300,1627,0,1100,1133.1769800854427,532.8007999341935,4347.284199902788,254328.18192993238
